{"accuracy": 0.9895384615384616, "f1_score": 0.9899348727057431, "scores": {"tp": 836, "tn": 772, "fp": 17, "fn": 0}, "train_time": 8.78702712059021}