{"accuracy": 0.9803076923076923, "f1_score": 0.9812206572769953, "scores": {"tp": 836, "tn": 757, "fp": 32, "fn": 0}, "train_time": 6.79682993888855}