{"accuracy": 0.9981538461538462, "f1_score": 0.9982089552238805, "scores": {"tp": 836, "tn": 786, "fp": 3, "fn": 0}, "train_time": 18.834162712097168}