{"accuracy": 0.9807692307692307, "f1_score": 0.9870129870129869, "scores": {"tp": 38, "tn": 13, "fp": 0, "fn": 1}, "train_time": 0.23815345764160156, "hyper_parameters": {"lambda": 0.001}, "dataset_percentage": 1}