{"accuracy": 0.8162137263933671, "f1_score": 0.6119935170178281, "train_time": 0.22388052940368652, "hyper_parameters": {"n_estimators": 100}, "dataset_percentage": 1}