{"accuracy": 0.8403193612774451, "f1_score": 0.6413793103448276, "train_time": 3.686199903488159, "hyper_parameters": {"n_estimators": 100}, "dataset_percentage": 75}