{"accuracy": 0.68, "f1_score": 0.7557251908396947, "train_time": 2.9460384845733643, "hyper_parameters": {"l2_penalty": 0.4, "hidden_layers": [16, 8, 4], "dropout_rate": 0.3}, "dataset_percentage": 50}