{"accuracy": 0.65, "f1_score": 0.7784810126582279, "train_time": 6.990466117858887, "hyper_parameters": {"l2_penalty": 0.4, "hidden_layers": [16, 8, 4], "dropout_rate": 0.3}, "dataset_percentage": 100}