{"accuracy": 0.615, "f1_score": 0.7616099071207431, "train_time": 3.044360399246216, "hyper_parameters": {"l2_penalty": 0.4, "hidden_layers": [16, 8, 4], "dropout_rate": 0.3}, "dataset_percentage": 2}