{"accuracy": 0.39, "f1_score": 0.06153846153846155, "train_time": 4.605412483215332, "hyper_parameters": {"l2_penalty": 0.4, "hidden_layers": [16, 8, 4], "dropout_rate": 0.3}, "dataset_percentage": 1}