{"accuracy": 0.8461538461538461, "f1_score": 0.8857142857142858, "train_time": 4.079963207244873, "hyper_parameters": {"l2_penalty": 0.5, "hidden_layers": [8], "dropout_rate": 0}, "dataset_percentage": 10}