{"accuracy": 0.8076923076923077, "f1_score": 0.8529411764705882, "train_time": 3.0779616832733154, "hyper_parameters": {"l2_penalty": 0.5, "hidden_layers": [8], "dropout_rate": 0}, "dataset_percentage": 2}