{"accuracy": 0.9423076923076923, "f1_score": 0.9600000000000001, "train_time": 3.868351697921753, "hyper_parameters": {"l2_penalty": 0.5, "hidden_layers": [8], "dropout_rate": 0}, "dataset_percentage": 4}