{"accuracy": 0.7873483801627514, "f1_score": 0.20902341519131923, "train_time": 3.5181918144226074, "hyper_parameters": {"l2_penalty": 0.1, "hidden_layers": [4, 4], "dropout_rate": 0.2}, "dataset_percentage": 1}