{"accuracy": 0.7977890373099954, "f1_score": 0.28228882833787466, "train_time": 2.7175705432891846, "hyper_parameters": {"l2_penalty": 0.1, "hidden_layers": [4, 4], "dropout_rate": 0.2}, "dataset_percentage": 2}