{"accuracy": 0.7784431137724551, "f1_score": 0.14463544754001184, "train_time": 4.100576162338257, "hyper_parameters": {"l2_penalty": 0.1, "hidden_layers": [4, 4], "dropout_rate": 0.2}, "dataset_percentage": 5}