{"accuracy": 0.7979425763856901, "f1_score": 0.28322440087145967, "train_time": 19.146974802017212, "hyper_parameters": {"l2_penalty": 0.1, "hidden_layers": [4, 4], "dropout_rate": 0.2}, "dataset_percentage": 50}