{"accuracy": 0.8033164440350069, "f1_score": 0.38383838383838387, "train_time": 37.350287199020386, "hyper_parameters": {"l2_penalty": 0.1, "hidden_layers": [4, 4], "dropout_rate": 0.2}, "dataset_percentage": 100}