{"accuracy": 0.91, "f1_score": 0.9210526315789475, "scores": {"tp": 105, "tn": 77, "fp": 0, "fn": 18}, "train_time": 7.85336709022522}