{"accuracy": 0.915, "f1_score": 0.925764192139738, "scores": {"tp": 106, "tn": 77, "fp": 0, "fn": 17}, "train_time": 13.156567096710205}