{"accuracy": 0.465, "f1_score": 0.5158371040723982, "scores": {"tp": 57, "tn": 36, "fp": 41, "fn": 66}, "train_time": 3.169619083404541}