{"accuracy": 0.795, "f1_score": 0.8270042194092826, "scores": {"tp": 98, "tn": 61, "fp": 16, "fn": 25}, "train_time": 5.860082626342773}