{"accuracy": 0.995, "f1_score": 0.9959183673469388, "scores": {"tp": 122, "tn": 77, "fp": 0, "fn": 1}, "train_time": 7.679860830307007}