{"accuracy": 0.865, "f1_score": 0.8949416342412452, "scores": {"tp": 115, "tn": 58, "fp": 19, "fn": 8}, "train_time": 0.3048543930053711, "hyper_parameters": {"lambda": 0.1}, "dataset_percentage": 50}